row,col,external_name,organism,sample_type,library_type,read_length,volume,concentration,rin,od,lanes,description
A,1,Cov001d1,Human,total RNA,B_cell_receptor_KAPA_Hyper_prep,2x300bp,10,10,-1,-1,1/46,Cov001d1
B,1,Cov001d3,Human,total RNA,B_cell_receptor_KAPA_Hyper_prep,2x300bp,10,10,-1,-1,1/46,Cov001d3
C,1,Cov001d8,Human,total RNA,B_cell_receptor_KAPA_Hyper_prep,2x300bp,10,10,-1,-1,1/46,Cov001d8
D,1,Cov001d11,Human,total RNA,B_cell_receptor_KAPA_Hyper_prep,2x300bp,10,10,-1,-1,1/46,Cov001d11
E,1,Cov001d14,Human,total RNA,B_cell_receptor_KAPA_Hyper_prep,2x300bp,10,10,-1,-1,1/46,Cov001d14
F,1,Cov002d1,Human,total RNA,B_cell_receptor_KAPA_Hyper_prep,2x300bp,10,10,-1,-1,1/46,Cov002d1
G,1,Cov002d3,Human,total RNA,B_cell_receptor_KAPA_Hyper_prep,2x300bp,10,10,-1,-1,1/46,Cov002d3
H,1,Cov003d1,Human,total RNA,B_cell_receptor_KAPA_Hyper_prep,2x300bp,10,10,-1,-1,1/46,Cov003d1
A,2,Cov004d1,Human,total RNA,B_cell_receptor_KAPA_Hyper_prep,2x300bp,10,10,-1,-1,1/46,Cov004d1
B,2,Cov004d3,Human,total RNA,B_cell_receptor_KAPA_Hyper_prep,2x300bp,10,10,-1,-1,1/46,Cov004d3
C,2,Cov004d8,Human,total RNA,B_cell_receptor_KAPA_Hyper_prep,2x300bp,10,10,-1,-1,1/46,Cov004d8
D,2,Cov005d1,Human,total RNA,B_cell_receptor_KAPA_Hyper_prep,2x300bp,10,10,-1,-1,1/46,Cov005d1
E,2,Cov005d3,Human,total RNA,B_cell_receptor_KAPA_Hyper_prep,2x300bp,10,10,-1,-1,1/46,Cov005d3
F,2,Cov005d8,Human,total RNA,B_cell_receptor_KAPA_Hyper_prep,2x300bp,10,10,-1,-1,1/46,Cov005d8
G,2,Cov005d11,Human,total RNA,B_cell_receptor_KAPA_Hyper_prep,2x300bp,10,10,-1,-1,1/46,Cov005d11
H,2,Cov006d1,Human,total RNA,B_cell_receptor_KAPA_Hyper_prep,2x300bp,10,10,-1,-1,1/46,Cov006d1
A,3,Cov006d3,Human,total RNA,B_cell_receptor_KAPA_Hyper_prep,2x300bp,10,10,-1,-1,1/46,Cov006d3
B,3,Cov006d8,Human,total RNA,B_cell_receptor_KAPA_Hyper_prep,2x300bp,10,10,-1,-1,1/46,Cov006d8
C,3,Cov007d1,Human,total RNA,B_cell_receptor_KAPA_Hyper_prep,2x300bp,10,10,-1,-1,1/46,Cov007d1
D,3,KoelnCovid11T1,Human,total RNA,B_cell_receptor_KAPA_Hyper_prep,2x300bp,10,10,-1,-1,1/46,KoelnCovid11T1
E,3,KoelnCovid11T2,Human,total RNA,B_cell_receptor_KAPA_Hyper_prep,2x300bp,10,10,-1,-1,1/46,KoelnCovid11T2
F,3,KoelnCovid11T3,Human,total RNA,B_cell_receptor_KAPA_Hyper_prep,2x300bp,10,10,-1,-1,1/46,KoelnCovid11T3
G,3,KoelnCovid11T4,Human,total RNA,B_cell_receptor_KAPA_Hyper_prep,2x300bp,10,10,-1,-1,1/46,KoelnCovid11T4
H,3,KoelnCovid3T1,Human,total RNA,B_cell_receptor_KAPA_Hyper_prep,2x300bp,10,10,-1,-1,1/46,KoelnCovid3T1
A,4,KoelnCovid3T2,Human,total RNA,B_cell_receptor_KAPA_Hyper_prep,2x300bp,10,10,-1,-1,1/46,KoelnCovid3T2
B,4,KoelnCovid3T3,Human,total RNA,B_cell_receptor_KAPA_Hyper_prep,2x300bp,10,10,-1,-1,1/46,KoelnCovid3T3
C,4,KoelnCovid4T1,Human,total RNA,B_cell_receptor_KAPA_Hyper_prep,2x300bp,10,10,-1,-1,1/46,KoelnCovid4T1
D,4,KoelnCovid4T2,Human,total RNA,B_cell_receptor_KAPA_Hyper_prep,2x300bp,10,10,-1,-1,1/46,KoelnCovid4T2
E,4,KoelnCovid4T3,Human,total RNA,B_cell_receptor_KAPA_Hyper_prep,2x300bp,10,10,-1,-1,1/46,KoelnCovid4T3
F,4,KoelnCovid4T4,Human,total RNA,B_cell_receptor_KAPA_Hyper_prep,2x300bp,10,10,-1,-1,1/46,KoelnCovid4T4
G,4,KoelnCovid4T5,Human,total RNA,B_cell_receptor_KAPA_Hyper_prep,2x300bp,10,10,-1,-1,1/46,KoelnCovid4T5
H,4,KoelnCovid12T1,Human,total RNA,B_cell_receptor_KAPA_Hyper_prep,2x300bp,10,10,-1,-1,1/46,KoelnCovid12T1
A,5,KoelnCovid12T2,Human,total RNA,B_cell_receptor_KAPA_Hyper_prep,2x300bp,10,10,-1,-1,1/46,KoelnCovid12T2
B,5,KoelnCovid12T3,Human,total RNA,B_cell_receptor_KAPA_Hyper_prep,2x300bp,10,10,-1,-1,1/46,KoelnCovid12T3
C,5,KoelnCovid12T4,Human,total RNA,B_cell_receptor_KAPA_Hyper_prep,2x300bp,10,10,-1,-1,1/46,KoelnCovid12T4
D,5,KoelnCovid12T5,Human,total RNA,B_cell_receptor_KAPA_Hyper_prep,2x300bp,10,10,-1,-1,1/46,KoelnCovid12T5
E,5,KoelnCovid13T1,Human,total RNA,B_cell_receptor_KAPA_Hyper_prep,2x300bp,10,10,-1,-1,1/46,KoelnCovid13T1
F,5,KoelnCovid13T2,Human,total RNA,B_cell_receptor_KAPA_Hyper_prep,2x300bp,10,10,-1,-1,1/46,KoelnCovid13T2
G,5,KoelnCovid22T1,Human,total RNA,B_cell_receptor_KAPA_Hyper_prep,2x300bp,10,10,-1,-1,1/46,KoelnCovid22T1
H,5,KoelnCovid22T2,Human,total RNA,B_cell_receptor_KAPA_Hyper_prep,2x300bp,10,10,-1,-1,1/46,KoelnCovid22T2
A,6,1-007-d3,Human,total RNA,B_cell_receptor_KAPA_Hyper_prep,2x300bp,10,10,-1,-1,1/46,1-007-d3
B,6,1-007-d8,Human,total RNA,B_cell_receptor_KAPA_Hyper_prep,2x300bp,10,10,-1,-1,1/46,1-007-d8
C,6,1-007-d14,Human,total RNA,B_cell_receptor_KAPA_Hyper_prep,2x300bp,10,10,-1,-1,1/46,1-007-d14
D,6,1-008-d1,Human,total RNA,B_cell_receptor_KAPA_Hyper_prep,2x300bp,10,10,-1,-1,1/46,1-008-d1
E,6,1-006-d14,Human,total RNA,B_cell_receptor_KAPA_Hyper_prep,2x300bp,10,10,-1,-1,1/46,1-006-d14
F,6,test003-w14,Human,total RNA,B_cell_receptor_KAPA_Hyper_prep,2x300bp,10,10,-1,-1,1/46,test003-w14
