row,col,external_name,organism,sample_type,library_type,read_length,volume,concentration,rin,od,lanes,description
A,1,Borstel_BCR_1,Human,total RNA,B_cell_receptor_KAPA_Hyper_prep,2x300bp,10,10,-1,-1,1/60,Borstel_BCR_1
B,1,Borstel_BCR_2,Human,total RNA,B_cell_receptor_KAPA_Hyper_prep,2x300bp,10,10,-1,-1,1/60,Borstel_BCR_2
C,1,Borstel_BCR_3,Human,total RNA,B_cell_receptor_KAPA_Hyper_prep,2x300bp,10,10,-1,-1,1/60,Borstel_BCR_3
D,1,Borstel_BCR_4,Human,total RNA,B_cell_receptor_KAPA_Hyper_prep,2x300bp,10,10,-1,-1,1/60,Borstel_BCR_4
E,1,Borstel_BCR_5,Human,total RNA,B_cell_receptor_KAPA_Hyper_prep,2x300bp,10,10,-1,-1,1/60,Borstel_BCR_5
F,1,Borstel_BCR_6,Human,total RNA,B_cell_receptor_KAPA_Hyper_prep,2x300bp,10,10,-1,-1,1/60,Borstel_BCR_6
G,1,Borstel_BCR_7,Human,total RNA,B_cell_receptor_KAPA_Hyper_prep,2x300bp,10,10,-1,-1,1/60,Borstel_BCR_7
