PatientID,Site,Remission,Gender,Age,TimepointFromOnset,Patient,Name,scRNAseqID,RNAseqID,bulk_BCR_ID,Pseudotime,Disease_traj,color_code
#001,Kiel,R,m,80,8,#001,PC_Ki001_TA,J09806,J14108,J15961,4,Complicated (recovering),#E65826
#001,Kiel,R,m,80,10,#001,PC_Ki001_TA2,J09810,J14109,J15962,4,Complicated (recovering),#E65826
#001,Kiel,R,m,80,15,#001,PC_Ki001_TB,J09809,J14110,J15963,5,Mild (recovering),#F99B1C
#001,Kiel,R,m,80,18,#001,PC_Ki001_TB2,,J14111,J15964,6,recovery/asymptomatic,#FDC077
#001,Kiel,R,m,80,21,#001,PC_Ki001_TC,J09807,J14112,J15965,6,recovery/asymptomatic,#FDC077
#002,Kiel,NR,m,57,19,#002,PC_Ki002_TA,J11987,J14113,J15966,1,Complicated (incremental),#E84F8C
#002,Kiel,NR,m,57,21,#002,PC_Ki002_TA2,J11988,J14114,J15967,2,Critical,#7031B9
#003,Kiel,NR,f,80,3,#003,PC_Ki003_TA,J09808,J14115,J15968,2,Critical,#7031B9
#004,Kiel,R,m,60,9,#004,PC_Ki004_TA,J09811,J14116,J15969,1,Complicated (incremental),#E84F8C
#004,Kiel,R,m,60,11,#004,PC_Ki004_TA2,J09813,J14117,J15970,3,Complicated with hyperinflammatory syndrom,#A04E9E
#004,Kiel,R,m,60,16,#004,PC_Ki004_TB,J09812,J14118,J15971,5,Mild (recovering),#F99B1C
#005,Kiel,R,m,49,6,#005,PC_Ki005_TA,J09818,J14119,J15972,1,Complicated (incremental),#E84F8C
#005,Kiel,R,m,49,8,#005,PC_Ki005_TA2,J09814,J14120,J15973,3,Complicated with hyperinflammatory syndrom,#A04E9E
#005,Kiel,R,m,49,13,#005,PC_Ki005_TB,J09817,J14121,J15974,6,recovery/asymptomatic,#FDC077
#005,Kiel,R,m,49,16,#005,PC_Ki005_TB2,,J14122,J15975,6,recovery/asymptomatic,#FDC077
#006,Kiel,R,m,70,12,#006,PC_Ki006_TA,J09816,J14123,J15976,5,Mild (recovering),#F99B1C
#006,Kiel,R,m,70,14,#006,PC_Ki006_TA2,J09820,J14124,J15977,5,Mild (recovering),#F99B1C
#006,Kiel,R,m,70,19,#006,PC_Ki006_TB,J09819,J14125,J15978,6,recovery/asymptomatic,#FDC077
#006,Kiel,R,m,70,51,#006,PC_Ki006_rec,J16418,J16395,J16005,7,Recovered,#51BBFE
#c002,Cologne,R,f,63,18,#c002,PC_Co002_TA,J09825,J14131,,3,Complicated with hyperinflammatory syndrom,#A04E9E
#c002,Cologne,R,f,63,21,#c002,PC_Co002_TA2,,,,5,Mild (recovering),#F99B1C
#c003,Cologne,R,m,56,18,#c003,PC_Co003_TA,J09821,J14132,J15984,4,Complicated (recovering),#E65826
#c003,Cologne,R,m,56,20,#c003,PC_Co003_TA2,,J14133,J15985,5,Mild (recovering),#F99B1C
#c003,Cologne,R,m,56,24,#c003,PC_Co003_TB,J09815,J14134,J15986,6,recovery/asymptomatic,#FDC077
#c004,Cologne,R,m,74,9,#c004,PC_Co004_TA,,J14135,J15987,3,Complicated with hyperinflammatory syndrom,#A04E9E
#c004,Cologne,R,m,74,14,#c004,PC_Co004_TA2,,J14136,J15988,1,Complicated (incremental),#E84F8C
#c004,Cologne,R,m,74,16,#c004,PC_Co004_TB,J15442,J14137,J15989,3,Complicated with hyperinflammatory syndrom,#A04E9E
#c004,Cologne,R,m,74,20,#c004,PC_Co004_TB2,,J14138,J15990,4,Complicated (recovering),#E65826
#c004,Cologne,R,m,74,24,#c004,PC_Co004_TC,J15440,J14139,J15991,5,Mild (recovering),#F99B1C
#c011,Cologne,R,f,78,4,#c011,PC_Co011_TA,J09827,J14127,J15980,6,recovery/asymptomatic,#FDC077
#c011,Cologne,R,f,78,7,#c011,PC_Co011_TA2,,J14128,J15981,6,recovery/asymptomatic,#FDC077
#c011,Cologne,R,f,78,11,#c011,PC_Co011_TB,J09824,J14129,J15982,6,recovery/asymptomatic,#FDC077
#c011,Cologne,R,f,78,14,#c011,PC_Co011_TB2,,J14130,J15983,6,recovery/asymptomatic,#FDC077
#c012,Cologne,R,f,54,29,#c012,PC_Co012_TA,J09823,J14140,J15992,2,Critical,#7031B9
#c012,Cologne,R,f,54,36,#c012,PC_Co012_TB,J09822,J14141,J15993,3,Complicated with hyperinflammatory syndrom,#A04E9E
#c012,Cologne,R,f,54,43,#c012,PC_Co012_TC,J09828,J14142,J15994,5,Mild (recovering),#F99B1C
#c012,Cologne,R,f,54,50,#c012,PC_Co012_TD,,J14143,J15995,5,Mild (recovering),#F99B1C
#c012,Cologne,R,f,54,57,#c012,PC_Co012_TE,J09829,J14144,J15996,5,Mild (recovering),#F99B1C
#c013,Cologne,R,f,69,5,#c013,PC_Co013_TA,,J14145,J15997,4,Complicated (recovering),#E65826
#c013,Cologne,R,f,69,12,#c013,PC_Co013_TB,,J14146,J15998,5,Mild (recovering),#F99B1C
#c022,Cologne,R,f,50,46,#c022,PC_Co022_TA,J09826,J14147,J15999,4,Complicated (recovering),#E65826
#c022,Cologne,R,f,50,48,#c022,PC_Co022_TA2,,J14148,J16000,5,Mild (recovering),#F99B1C
#007,Kiel,R,m,29,45,#007,PC_Ki007_rec,J11989,J14126,J15979,7,Recovered,#51BBFE
#008,Kiel,R,m,57,0,#008,PC_Ki008_control,,J16391,J16001,0,Healthy,#A7A9AC
#009,Kiel,R,f,42,0,#009,PC_Ki009_control,J15439,J16392,J16002,0,Healthy,#A7A9AC
#011,Kiel,R,m,57,0,#011,PC_Ki011_control,,J16393,J16003,0,Healthy,#A7A9AC
#010,Kiel,R,m,65,0,#010,PC_Ki010_control,J15438,J16394,J16004,0,Healthy,#A7A9AC
ctr10,Kiel,R,m,44,0,ctr10,SYS_10_control,,I21803,,0,Healthy,#A7A9AC
ctr11,Kiel,R,m,40,0,ctr11,SYS_11_control,,I21812,,0,Healthy,#A7A9AC
ctr2,Kiel,R,f,41,0,ctr2,SYS_2_control,,I21759,,0,Healthy,#A7A9AC
ctr3,Kiel,R,m,42,0,ctr3,SYS_3_control,H28577,I21793,,0,Healthy,#A7A9AC
ctr4,Kiel,R,m,37,0,ctr4,SYS_4_control,,I21808,,0,Healthy,#A7A9AC
ctr5,Kiel,R,m,37,0,ctr5,SYS_5_control,H28579,I21746,,0,Healthy,#A7A9AC
ctr6,Kiel,R,m,44,0,ctr6,SYS_6_control,,I21800,,0,Healthy,#A7A9AC
ctr7,Kiel,R,m,38,0,ctr7,SYS_7_control,H28580,I21794,,0,Healthy,#A7A9AC
ctr8,Kiel,R,f,35,0,ctr8,SYS_8_control,,I21765,,0,Healthy,#A7A9AC
ctr9,Kiel,R,m,35,0,ctr9,SYS_9_control,,I21824,,0,Healthy,#A7A9AC
